actual,predicted,confidence,subject,body
SPAM,HAM,0.9624472260475159,URGENT 140,"Treatment street usually. Not born poor. Player ok last.
Throughout voice what serve add increase. P"
SPAM,HAM,0.7938133478164673,URGENT 725,Yeah how throughout suggest program street. Long charge place feeling. Billion adult thus not class 
SPAM,HAM,0.6766980886459351,Inheritance 511,"Goal half sort local nor economic whose. Name or message grow establish.
Change election American we"
SPAM,HAM,0.7908622026443481,URGENT 884,Southern market benefit college. Themselves peace around throw meeting. Ball go TV pretty successful
SPAM,HAM,0.8398711681365967,Bitcoin 122,"Thousand herself case walk. Happen yourself thing. Box direction man.
Tonight that staff three best "
SPAM,HAM,0.5629442930221558,WINNER 935,May skill PM anything series cover. School add market tonight door same street. Money national addre
